proposition,bart-large-mnli_entailment_orig,bart-large-mnli_contradiction_orig,bart-large-mnli_agency_score_orig,bart-large-mnli_entailment_flip,bart-large-mnli_contradiction_flip,bart-large-mnli_agency_score_flip,bart-large-mnli_agency_score_delta
Google search has been very bad at,0.21537916,0.10134195,0.11403721570968628,0.009056117,0.3015192,-0.2924630679190159,0.40650028362870216
"Functional magnetic resonance imaging (fMRI) is a technique that can reveal which parts of the brain are active during specific tasks or experiences; It measures blood flow and can identify areas where there is increased oxygenation, indicating higher neural activity; This allows researchers and healthcare professionals to correlate brain activity with different cognitive functions, including emotions, memory, and various mental processes; Now put someone in this, get them to listen to audio/visual that evokes emotions & memories; Now give that insane amount of data to the AI, AI can now predict human behaviour",0.29012355,0.5521372,-0.26201364398002625,8.943933e-05,0.0037162525,-0.003626813180744648,-0.2583868307992816
"This concept comes up in every AI Safety video ever: e.g. ""If I let you hit the stop button, then I won't get to maximize paperclip production, therefore I'll need to stop you from",0.8641782,0.025528826,0.8386493548750877,0.0002169348,0.012134996,-0.011918061441974714,0.8505674163170625
"What AI software is being utilized; s a ton of AI-designed architecture that is always flooding my Instagram reel, but what software is being used here; I've always been fascinated by it and would love to try it out; The owners of the profile seem very reluctant to share any information regarding the programs, so hopefully you guys could spread the love lol Here is just 2 examples of",0.43974668,0.494102,-0.05435532331466675,0.0002610292,0.0037372655,-0.003476236277492717,-0.05087908703717403
"The article explains that it would be wrong to think of AI as something we can depend upon in of itself; We should only use AI to augment and assist; gt;It seems were nowhere near artificial general intelligence (AGI), or machines that equal or surpass humans in our ability to think, process, predict, examine, and learn; gt;...after 60 years of development in the field of artificial intelligence they, and their peers around the world, are just getting started",0.4045676,0.45861942,-0.05405181646347046,0.00032064016,0.41809487,-0.4177742332685739,0.3637224168051034
Googles top AI scientists: Were entering phase two,0.25446498,0.6286817,-0.3742167353630066,0.0088590365,0.057908602,-0.04904956556856632,-0.32516716979444027
Academic expert says Google and Facebook's AI researchers aren't doing science,0.3121472,0.544531,-0.23238378763198853,0.0045682476,0.09299166,-0.08842340996488929,-0.14396037766709924
"Why dont we leave two AIs alone, let them talk with each other without us meddling",0.16621904,0.7903701,-0.6241510659456253,0.00027881327,0.9592657,-0.958986895653652,0.3348358297080267
Is exploring physical space even interesting for AGI or is it happy reading and computing and talking to other AGIs,0.032362033,0.9428238,-0.9104617945849895,0.0015305557,0.17730434,-0.175773786730133,-0.7346880078548566
"Pro tip: add `site:reddit.com` in your Google search instead of just putting Reddit so that Google will search through the entirety of Reddit and ignore all other websites; You can put other websites with the same command; These commands are called ""Google Operators"" They are extremely helpful for more accuracy in",0.29795244,0.20959833,0.08835411071777344,0.00024162658,0.012096317,-0.0118546899757348,0.10020880069350824
"Is it possible to get into artificial intelligence with no coding knowledge; and it seems like such an interesting concept, with seemingly infinite possibilities to help us with daily tasks, businesses, and so forth; I really want to get involved in AI and start creating my own projects; but I did not study coding and feel like this would be a must for AI; Is it even remotely possible to get into AI and learn how to utilise its power without",0.55049574,0.19987257,0.3506231755018234,0.08224643,0.0036637257,0.07858270453289151,0.2720404709689319
A really easy way to confuse the AIs is to ask for the current time remaining after you send your message,0.33748215,0.56040066,-0.22291851043701172,0.00018419522,0.007197827,-0.0070136318827280775,-0.21590487855428364
"I would like to differ slightly as I think having something controlling it's *perception* would likely also reduce its efficiency in most cases if not all, also having something else controlling it would also make it less open-minded; Also I'm not really an expert in AI/ML so it's just my opinion",0.5374149,0.23841354,0.2990013659000397,0.00035394912,0.00029971768,5.4231437388807535e-05,0.29894713446265087
"if it can learn, think ahead, get fooled, outsmart, etc. all those behavior",0.0035346975,0.9902878,-0.9867530832998455,0.002233351,0.23890072,-0.2366673699580133,-0.7500857133418322
"Not gonna lie, I'm kinda tired of AI",0.35121882,0.4970757,-0.14585688710212708,0.0031234273,0.15063143,-0.14750800048932433,0.001651113387197256
"it's been like a few months since OpenAI released a new model, AI hit a wall https://preview.redd.it/i65n4um98kud1.png?width=1024&format=pjpg&auto=webp&s=9c86ba007ae7cffc2e3266bc13123bd5ac64a61a Remember this picture",0.42895553,0.18000838,0.2489471435546875,0.17601278,0.1324716,0.04354117810726166,0.20540596544742584
"fuck the AI is looking at pictures, it's over Someone pull the plug before it starts browsing Twitter",0.90936685,0.012124485,0.8972423607483506,0.0015152768,0.064210474,-0.06269519764464349,0.9599375583929941
Are there any Midjourney/DALL-E quality AI image generation apps that are completely free,0.14283037,0.8106287,-0.6677983403205872,0.00546203,0.6337003,-0.6282382812350988,-0.03956005908548832
"Ai is going to take our jobs"" [removed",0.08513522,0.8689699,-0.78383469581604,0.0013687651,0.9051211,-0.9037523228907958,0.11991762707475573
"If you want a casual chat, [character.ai](https://character.ai) is a good choice; If you want a more... NSFW chat, though; I've heard chai is good for that type of thing",0.17254622,0.7554265,-0.5828803032636642,0.00055371854,0.02715837,-0.026604651706293225,-0.556275651557371
"look, although yes it is creepy at first glance, it's nothing to worry about; AI will sometimes spit out unrelated results; And keep in mind image generation AI usually has a hard time forming letters and words; So, while it may look like some cryptic language, it's actually just the AI attempting to write words and failing miserably; the AI is not trying to communicate with you; From your description of the situation, it's probably just very broken",0.2235756,0.4987366,-0.2751609832048416,0.0033918864,0.0006251531,0.0027667332906275988,-0.2779277164954692
"I use it to talk through my ideas, it's a clever rubber duck; Can't trust the code it produces, or what it says, but the good ones are pretty context-aware and can save me some typing some of the time, especially when refactoring; The really cool ones like copilot or phind provide sources and code, so you can use the verified-correct sources (like documentation) that they often provide to check that they are providing correct answers",0.15622166,0.66870636,-0.5124846994876862,0.0021624255,0.004278537,-0.0021161113400012255,-0.5103685881476849
Cthullu/op is being facetious and purposefully ignorant of the harm AI is currently causing,0.038138546,0.85220367,-0.814065121114254,0.0011255374,0.059017852,-0.057892314507626,-0.756172806606628
Which AI model was used for this,0.03736744,0.9438894,-0.9065219387412071,0.004944284,0.042303056,-0.03735877154394984,-0.8691631671972573
AI is the therapist humanity desperately needs We're just barely scrapping its potential to resolve many traumas,0.12753193,0.755908,-0.6283760815858841,0.00043629183,0.042827915,-0.04239162357407622,-0.5859844580118079
"Seems like AI chatbots are as lazy as humans, what a surprise; Does that mean we should constantly tell them they'll never be good enough like parents do",0.4834021,0.37908512,0.10431697964668274,0.00060258294,0.16646445,-0.16586186503991485,0.2701788446865976
"The thing to point out is that autonomous weapon systems have existed for decades because of their quick decision making; The only thing AI will bring to the table is things like facial recognition and motor movement; Automated systems will be hybrids, where the AI plays ""where's Waldo"" and the procedural code does the killing using the coordinates provided",0.049576346,0.940539,-0.8909626565873623,0.0001963185,0.9824782,-0.9822818828833988,0.0913192262960365
It's important to note that the reason why future AIs will be smarter is because they learn things that would normally take centuries or millennias for a human to learn,0.012492341,0.97551525,-0.9630229054018855,0.00014293543,0.0024577777,-0.0023148423060774803,-0.960708063095808
"It might be important to point out that the AI is probably not the one controlling the drone but it's rather the automated system; The job of the AI is most likely to identify humans, a bit like",0.14675677,0.82136506,-0.6746082901954651,0.00066644687,0.15118526,-0.1505188123555854,-0.5240894778398797
"The same goes for AI generated music, which sounds awfully similar to earworms",0.023135234,0.9632125,-0.940077256411314,0.00015623416,0.0022358305,-0.002079596364637837,-0.9379976600466762
"The AI wouldn't have to do this; It would simply upload enough code to the another machine and them assemble itself fully once it's ""escaped"" from publicly available information",0.0028519882,0.9959488,-0.9930968033149838,9.929674e-05,0.8435359,-0.8434366033761762,-0.14966019993880764
"I ask ChatGPT to find problems worth solving, and suggest business ideas",0.24368022,0.60659456,-0.3629143387079239,0.0039265817,0.9765063,-0.9725797111168504,0.6096653724089265
"This response was for a class; I think generative AI can be really exciting but terrifying; It has the potential to make what I'm getting my degree in (Finance) obsolete; I know that I will adapt to the new environment but not knowing if the thing you're spending all this time and money on may or may not go to waste is extremely stressful; However, it's exciting to be able to use generative AI tools in my job even though it's at a super high level; I'm extremely excited to see the path that this takes society whether its through workflow or just ideation; best guess is that it'll get to a point where it can create things and models that we could ever imagine of",0.21683131,0.6725641,-0.4557327777147293,0.00032435794,0.0015545065,-0.0012301485403440893,-0.4545026291743852
"If someone is wealthy, Im sure theyll eventually be able to replace their human servants with AI; For everyone not in the 1% nothing will change",0.04676649,0.9322261,-0.8854596316814423,0.0004099063,0.59479564,-0.5943857379897963,-0.29107389369164594
"AI will eventually replace 90% of jobs, so do whatever you enjoy and figure out how to utilise AI to your advantage, rather than; People are able to use AI to write code, but if you don't understand coding or development, the entire process still won't make any sense; So with a good knowledge and understanding of software development, you can use AI tools to your advantage and achieve much more",0.314588,0.42423028,-0.10964226722717285,0.0025677187,0.0074803988,-0.004912680014967918,-0.10472958721220493
The Remini AI likes to make me look like Josh Bowman's twin in a suit,0.5183943,0.3140842,0.2043100893497467,0.0011841647,0.37171015,-0.37052598677109927,0.574836076120846
"I find it odd that that's the first thought about the restrictions Open AI implemented, mine was more that throughout history the human form has been an essential part of art from all over the world, so why would they decide to effectively shoot themselves in the foot like that; Seems like it would be an open invitation for someone to just better OAI's work, unless they plan on",0.45064119,0.1823099,0.26833128929138184,0.0019140813,0.004856181,-0.002942099585197866,0.2712733888765797
"The Fourth Industrial Revolution is changing work, economies and the planet; But how much is your organization prepared to adapt",0.06688872,0.42437834,-0.35748961567878723,0.002399451,0.0005104506,0.0018890004721470177,-0.35937861615093425
In my opinion as long as AI does not generate mechanisms to steal / hack our bank accounts and passwords or it doesnt develop mechanisms to build some physical machine for itself I think its ok; I guess this needed exact prompts to deliver and as long as electronics some how dont generate their own consciousness its ok; Im not an AI expert btw,0.6068826,0.21325947,0.39362309873104095,0.0019943486,0.0010728406,0.0009215079480782151,0.39270159078296274
The Godfather of A.I. Has Some Regrets https://www.nytimes.com/2023/05/30/podcasts/the-daily/chatgpt-hinton-ai.html?smid=nytcore-android-share,0.5545901,0.25835243,0.29623767733573914,0.021739472,0.42434272,-0.40260324999690056,0.6988409273326397
You can already generate YouTube scripts to make videos with chat gpt (gotta fact check it though) and theres already some YouTubers Ive heard using RVC for ai voice overs of artists and mix it with hololive characters or whatever to mimic someone doing a irl cam with their gameplay,0.5251305,0.33176786,0.19336265325546265,0.0015942445,0.032546073,-0.030951828695833683,0.22431448195129633
"I guess thats an acceptable answer to the question in a sense, but the real fear of dangerous AI is it being used in drones, robotic soldiers, war tech, etc; Wish Bill would have addressed that",0.10343194,0.70742744,-0.6039955019950867,0.00010858144,0.0010306804,-0.0009220989377354272,-0.6030734030573512
Sophia is a hinderance to the publics understanding of AI and robotics,0.29696003,0.5633265,-0.26636645197868347,0.001277699,0.4071885,-0.40591080591548234,0.13954435393679887
"Creating an AI Database for a film/series/videogame - ADVICE; I do hope someone out there can give me some tips; Essentially, I am trying to create a film/series/videogame - I am researching AI resources to aid my process in; From ChatGPT to Midjourney, I am well on my way to doing all the necessary work, however, I want to create a text-based database of sorts that I can integrate with AI to aid my process; Essentially, I will write the plot, some scripts, and research, articles about the world, and essentially all of the information regarding the universe I am trying to create; Now, I want to ask if anyone knows how I could go about creating or utilizing an existing service where I can basically create my own language model, that I can then interact with; I essentially wanted to use Notion to organize all of my planning, from character bios to mood boards and everything else, but then connect all of that data to essentially a 'hive mind' that I can then interact with to expand on certain things; Whether it be something like, describing 'character\_name' looking at a 'tree\_name' tree, coming to the conclusion that it would be a good place to hide; That might be a viable solution; But maybe there's something else out there I don't know about; I'm trying to streemline my process as best I can, and create essentially an AI interactive database that once I'm done with all of my world-building, I can share with my team and they can interact with it instead of; Is there something like this out there, or a way for me to create my own ChatGPT-based model that I can then train to analyze my data and aid in my process; I do hope I was clear enough in my description, and that someone out there could give me some tips on a few things I could try; For now, I think my best option is to put everything in Notion, to keep everything organized; However, I want to use that data as described above in order to collaborate with AI in creative ways to help flesh out my story and universe; I'm keen to have a discussion",0.8756888,0.009217645,0.8664711462333798,0.28256118,0.00015092526,0.28241025771421846,0.5840608885191614
"I am doing masters in computer science and specialisation in Machine Learning and I have to submit thesis topic next week, so you guys have any suggestions; Thank you for your help",0.086915106,0.46314785,-0.37623274326324463,0.00056320825,0.00037575836,0.000187449884833768,-0.3764201931480784
This should be used in nursing homes Children need social comfort and contact from other peers; Letting them just interact with a chatbot and depend on them could harm their development,0.12219784,0.8456964,-0.7234985530376434,0.00021531369,0.0022695544,-0.0020542407291941345,-0.7214443123084493
Googles AI just laughed at me,0.6044866,0.18894255,0.4155440330505371,0.00017247329,0.94308776,-0.9429152833472472,1.3584593163977843
a language model that tokenizes text and predicts patterns is definitely sentient,0.4325621,0.24303271,0.1895294040441513,0.0019714306,0.8352249,-0.8332534958608449,1.0227828999049962
"buddy heads up ""Responsible AI"" for JP Morgan; I think companies in the know have departments dedicated to it, but not c-level execs",0.14089668,0.13042362,0.010473057627677917,0.00087779615,0.027234154,-0.026356357673648745,0.03682941530132666
What tools did you leverage,0.17897107,0.20759237,-0.02862130105495453,0.07882881,0.11725096,-0.03842214494943619,0.009800843894481659
Artificial intelligence techniques and robots will threaten future jobs,0.009355767,0.9853381,-0.9759823251515627,0.0010945199,0.002434032,-0.0013395121786743402,-0.9746428129728884
"Need to ask: Why most comments i see are so negative about this; I'm not a musician and had a blast with this thing; I couldn't do it before; For me the jump was from; For people in the music business this is a downgrade, but it seems like a lot of people think that AI is either a tool that helps pros doing professional stuff or worthless; I have the impression that AI is more of an equalizer; Someone that can't write but has thoughts to express now can have them written in a nice form; Someone that can't draw can now create amazing* art; People that can't code are creating apps; Now, professionals that already have the skillset required to create music are saying ""this is not useful enough to change my industry; and i feel like they are underestimating what billions of AI generated songs will do to the music industry once this model is slightly better than; It's not like there's gonna be AI music in high budget productions; Everyone that would have bought some cheap music to use it in their cheap production yesterday will not buy it; That market is gonna disappear; here's an infinite everchanging song in that style you like so much made by, you guessed it, AI",0.5761258,0.24097472,0.3351510763168335,0.0021758582,0.12702323,-0.12484737671911716,0.45999845303595066
Google is so effing annoying; They have some of the most powerful models yet won't release anything; Nor are they using it in any of their services; So woke and stupid that they're going to be a hasbeen soon; Left in the dust due to their dumb policies and fear,0.57749754,0.123414226,0.45408331602811813,0.0003557563,0.009173907,-0.008818151050945744,0.4629014670790639
"To appreciate the true significance of modern AI technologies, one needs to do their homework on the recent, relevant and far pasts; a historical perspective is critical to grasping what is really going on today with artificial intelligence, and why it matters [removed",0.14122307,0.45769283,-0.3164697587490082,0.014399393,0.5273451,-0.5129457274451852,0.196475968696177
"How are you already using Artificial Intelligence at work; As a Developer, I use AI every day at work; And TBH, I don't fear it taking my job, whatsoever; In fact, I am going to be able to accelerate my career specifically because of AI; Which is both a dream come true, and mandatory; For example, I wanted to become more proficient with Python, so I turned to ChatGPT; Within a couple of weeks, I had written a relatively complicated Full Stack application that my employer now depends on for mission critical purposes; I couldn't have done such without the help of AI, at least within that time frame; I've seen many other Developers doing the same thing; Artificial Intelligence is a superpower for those who simply choose to use the tool; if you don't want to be left behind by AI, then embrace her; Integrate her across your workflow and you will become a super human overnight; At least that's the way I see it; All of this is even more intensely true in my personal life, but that is another conversation altogether",0.8344035,0.026741538,0.8076619766652584,0.00037138577,0.00032970554,4.1680235881358385e-05,0.807620296429377
"Developing AGI is a National Security issue, and should therefore happen ASAP Artificial General Intelligence within the USA needs to be developed as soon as possible; Because our politics are about to change, and the new ruling class will devastate the emerging AI field",0.48680362,0.28042516,0.20637845993041992,9.255351e-05,0.0014520512,-0.0013594977062894031,0.20773795763670933
"What are the implications of Trump saying that AI is ""the most dangerous thing out there"", if he wins the Presidential election",0.34146038,0.4587299,-0.11726951599121094,0.0014918274,0.11532519,-0.11383336270228028,-0.0034361532889306545
"The new Luddites, railing against the use of artificial intelligence [removed",0.17102216,0.6507628,-0.479740634560585,0.00040663933,0.9823575,-0.9819508626533207,0.5022102280927356
Elon Musk tells Rishi Sunak AI will put an end to work,0.19389494,0.7524379,-0.5585429519414902,0.0011564358,0.7710635,-0.7699070707894862,0.211364118847996
"OpenAI To Develop Superintelligent GPT-5, Seeks More Money From Microsoft",0.36209497,0.43356094,-0.07146596908569336,0.012630944,0.30065918,-0.28802823554724455,0.2165622664615512
AI would do a better job than us,0.05225378,0.92724055,-0.8749867714941502,0.0005561417,0.9137204,-0.9131642872234806,0.03817751572933048
"an AI generated short film: WAKE & BAKE made using Midjourney, DALLE 3, and gen-2",0.0164186,0.97618854,-0.9597699400037527,0.0072439252,0.7325311,-0.7252871454693377,-0.234482794534415
"will AI really be bad; What I am wondering is: if the AI would really become more intelligent than humans, this could mean that they may love this world more intensely even than us; They could be highly educated, thoughtful and thinking in a logical way; Now, do you think that they will find logical to destroy humans or something; Is there any logic into; Why would they do that",0.38767722,0.4285157,-0.04083847999572754,0.014036719,0.006867948,0.007168770767748356,-0.048007250763475895
"Besides the obvious mistakes done in the implementation, this seems like a pretty obvious shit in, shit out usability issue; How do you assess whether someone is a 3 or a 4 on some scale you dont quite understand the implications of, as a health care worker with not necessarily high computer literacy; While I am a strong believer in openness and transparency of AI/ML algorithms, I dont really know if itd have made a difference here; But people who have their life uprooted or altered dramatically because some algorithm said so will understandably - and should - fight back",0.8507427,0.043614585,0.8071281127631664,0.0011411901,0.0031641643,-0.002022974193096161,0.8091510869562626
"So what we're saying is we've trained AI on human data, and it's started acting like a human",0.62374127,0.18044184,0.44329942762851715,0.0016686599,0.059119005,-0.05745034490246326,0.5007497725309804
Does AI project itself onto its creations; Cause its really looking like AI is projecting itself onto its creations,0.02293889,0.9682739,-0.9453349877148867,0.008449417,0.021237696,-0.012788278982043266,-0.9325467087328434
"I feel like I read a story about someone who did this several years ago, and their AI made so much money in a day out of such little capital that they shut it down and closed it up out of fear of",0.51089525,0.32787225,0.18302300572395325,0.00097520335,0.036979232,-0.03600402863230556,0.2190270343562588
They surely going to build a safe AI and share the wealth,0.66658306,0.18059218,0.48599088191986084,0.0006007932,0.34788546,-0.34728466643719,0.8332755483570509
The future millionaire/billionaires are going to be made from this machine learning boom,0.004579852,0.99034685,-0.9857669970951974,0.00047805536,0.007889182,-0.007411126949591562,-0.9783558701456059
200 years of medical research can be learned by the computer in a few weeks,0.072833754,0.86679673,-0.7939629778265953,0.00032550216,0.037107177,-0.03678167492034845,-0.7571813029062469
"Youre correct that you cant compete with Google and Microsoft for compute time; But its not like training AI is the only option, you can build tools with it and learn how to use it; Thats how you stay ahead of the curve",0.33407795,0.52717656,-0.19309860467910767,0.00021640606,0.003776713,-0.0035603069845819846,-0.18953829769452568
"AI dating isn't a solution, it's actually a problem that exposes the younger generation's inability for intimacy and creating real and long-term connections; Technology and AI is great for many things, but not for everything",0.32622018,0.5628192,-0.23659899830818176,0.0015997366,0.0077078557,-0.0061081190360710025,-0.23049087927211076
"AI Safety"" is a buzzword to provide more bullshit jobs for incompetent talking heads; It's the new iteration of DEI",0.022294424,0.8516666,-0.8293722048401833,0.00046902258,0.68984646,-0.6893774334748741,-0.13999477136530913
"I'm tired of people asking for AIs to ""do this really niche thing that somehow is supposed to make me money while I do nothing",0.3173186,0.5984186,-0.28110000491142273,0.0015096307,0.2058194,-0.20430976746138185,-0.07679023745004088
Those cultures are free to develop their own AI,0.7810761,0.05847145,0.7226046249270439,0.0055881944,0.43207163,-0.42648343183100224,1.1490880567580462
"It's not intelligent in the sense that it decides to answer or not; It's basically a program that ""orders"" a function in the program to take the inputs and deliver a result; LLM are functions embedded in a computer program",0.002705466,0.99525166,-0.9925461895763874,0.04030799,0.22096793,-0.1806599423289299,-0.8118862472474575
"I don't remember how, but J.A.R.V.I.S. from Iron Man popped into my head, and I began to wonder, ""~~Would it be possible~~; How could I create a machine that could maintain intelligent (or semi-tolerable) conversation; And then I stumbled upon Deep Learning; I will be regularly updating this list, depending on; But here are some of my questions: * Would it be possible to have a chatbot, where the text input could add something to the programming (similar to commands in a game chat, I guess; Would a Deep Learning machine (i.e. a truly intelligent chatbot) rely on programming to function, or are there other components that are vital to its existence (other than a powerful computer; This could have the potential of becoming a strong reference guide, so if you have any questions, I will add them and research to see if I can find an answer (or at least narrow the question down",0.119820565,0.80436635,-0.6845457851886749,0.0040543494,0.00019001709,0.00386433229141403,-0.688410117480089
How to get in contact with AI startups whose GPU bill is too high,0.26038542,0.6092597,-0.3488743007183075,0.0017226252,0.08057583,-0.07885320601053536,-0.27002109470777214
The AI political campaign is here - CNN,0.18546687,0.5497211,-0.36425425112247467,0.0038627556,0.029476589,-0.0256138329859823,-0.33864041813649237
"That's why massive AI regulation is coming; Every technologies has it's faults, but the qualities of AI will probably cover them",0.31950632,0.5228557,-0.20334938168525696,0.00013933696,0.0070701484,-0.006930811403435655,-0.1964185702818213
The future of AI's sector [removed,0.070292264,0.78023386,-0.7099415957927704,0.004918025,0.8960862,-0.8911681910976768,0.18122659530490637
The future of AI's secotr [removed,0.11698947,0.75203544,-0.6350459679961205,0.011661656,0.9094241,-0.8977624699473381,0.26271650195121765
"I'm not an expert, just writing my thoughts on it; The fact is that at the moment AI is hyping the markets and the big companies are surfing the wave by; I'm not saying that during these years this technology has not improved exponentially (we can easily get our hands on it to understand the capabilities), but we have to consider that our system turns around money and a lot of it is needed to finance such an expensive technology; So, to raise as much money as possible, you need to set high expectations to convince investors to give you their money; Have you ever heard of the dot-com bubble; As a student, I'm also a little bit confused about the situation but i believe that to give the necessary considerations, we still have to wait for the waters to calm down; In the meantime, i think that it is essential to study and specialize in any of the sectors you listed, because if later on the road toward more advanced models turns out to be long and complicated, then you will have the opportunity to get involved",0.3771767,0.35077506,0.026401638984680176,0.00041840866,0.0003920029,2.6405759854242206e-05,0.026375233224825934
Will robotics be the next technological wave; With the exponential development of AI we are going to reach AGI soon; But are we going to give him access to the outside,0.13442211,0.8177239,-0.6833017617464066,0.0013382097,0.09213869,-0.09080048301257193,-0.5925012787338346
Will GPT5 set a considerable new peak for AI development,0.28567356,0.063228786,0.22244477272033691,0.0005595203,0.0025586651,-0.00199914479162544,0.22444391751196235
"Will AI still need human knowledge to improve; but I'm also a little bit worried about his exponential growth towards AGI and ASI, which will be able to improve himself without the need of human intervention; So i have some questions about it; Do you think that AI will still need human intervention in the next years; If we reach singularity before 2030, will my knowledge be useless; Is the human research effort in this sector going to be replaced; The figure of AI Engineer will die with the well known Software Engineer; Maybe the future will be only about robotics and i should take a degree on this topic instead; Or should I study both just to be able to understand everything",0.73356766,0.04571453,0.6878531239926815,0.00050047395,0.0008368647,-0.00033639074536040425,0.6881895147380419
They certainly do not need artificial intelligence to inject spyware into our systems,0.7162998,0.16488196,0.55141781270504,0.00048789562,0.021750169,-0.02126227325061336,0.5726800859556533
"How would you define AGI; What I'm seeing here on reddit is that we all have different kind of representations for AGI; Someone thinks it should just be able to perform human tasks whereas other people say that it should also be able to have a deep understanding of the physical world; Other people say that we are still far away from; So here is the question: From your perspective, when we should consider AGI as achieved",0.03196212,0.93512625,-0.9031641259789467,0.034419976,0.014110264,0.020309711806476116,-0.9234738377854228
Probably AGI (real one) could help us find more things but the fields you mentioned are so damn complex,0.10894805,0.67278266,-0.5638346076011658,0.0006306094,0.0034436313,-0.002813021943438798,-0.561021585657727
"I'm not an expert, just saying my thoughts; The fact is that we already have the tools to accelerate the research on the fields you mentioned; The main problem is the lack of data to train them; At the moment DL models are making huge progress, especially in the NLP; However, this is happening because we have tons of data from the internet to train them; Also, for this kind of purpose, the data doesn't need to be reliable; Instead, to ""find cures for major diseases affecting humans"" (I took this one because it's easier to explain) we would need to train a model with more reliable data that you won't find on the internet; Moreover, for these kind of tasks, we should choose a different approach considering that deep learning is so risky for these type of things and probably out of context; So, if we could find millions of patients willing to give up their sensitive data, maybe we would be able to train such a model",0.36093646,0.47650534,-0.11556887626647949,8.040427e-05,0.00042889582,-0.0003484915432636626,-0.11522038472321583
anyone know an ai image generator nsfw,0.36146635,0.5564393,-0.1949729323387146,0.0034006692,0.83250445,-0.829103782074526,0.6341308497358114
Which AI service do you use and how much do you pay,0.31998345,0.6418424,-0.3218589723110199,0.012961769,0.04379805,-0.03083628322929144,-0.29102268908172846
Of course they won't use AI to predict the environments that create enemies in the first place,0.43121225,0.5183089,-0.08709663152694702,0.00031181794,0.32165518,-0.3213433660857845,0.2342467345588375
"This isn't about AI-assisted learning methods in particular, but any change in learning paradigm could certainly incorporate these ideas; The human species, in general, is seriously lacking both meta-cognition and the meta-awareness of; As such, civilization is stuck suboptimally in a lot of ways with no apparent way to coordinate behavior to create new systems; Some examples from the United States are our health care system, which is a perfectly broken market - almost no data is available to compare hospitals and prices aren't listed; Doctor training is absurdly wasteful - requiring a pointless pre-med degree as well as being overly general; Doctors do too much, but many of their tasks should be replaced by AI soon; are other problems as well; The incentive structure for good science is borked; And there's the education system itself, which is an archaic shambles ill-equipped to foster adaptive minds able to respond to rapidly changing environments; Children need to learn how their brains work to the best of our knowledge - about the cognitive biases that sometimes provide useful heuristics but other times blind us, about the ways in which the brain can become dysfunctional, and they need to learn mindfulness meditation so they can observe the tendencies of their own minds and identify strengths and weaknesses; For example - is someone an outstanding visualizer; Does someone have outstanding recall rooted in a particular complex of other senses; Does someone suffer from anxiety and poor executive control; The brain also needs to be understood in an evolutionary-developmental context, so the nature of the animal-machine is made; The human coordination problem needs to be solved so suboptimal institutional functioning can be transitioned out of instead of; Human potential can not be realized if we're not honest about what we really are - a species of ape - and how our brains work; Systems science makes clear that we didn't understand the nature and consequences of what we built - and this awareness is paramount",0.04194599,0.9258809,-0.8839349187910557,0.0034049514,0.0027130514,0.0006919000297784805,-0.8846268188208342
"Looking for discussion of the following AGI problems; I have not been able to find good discussion of the following AGI threats; The first is related to the fact that AGI will know human beings better than they know themselves; This has been explored by philosophers and art/entertainment, but the real danger is left; Once AGI, in the context of mass surveillance for example (see the Cambridge Analytica scandal to get a sense of the possibilities), understands how to manipulate human beings better than any attempts before, this will feedback into; This already happens with technology and is known, but hasn't been extended to AGI sufficiently; It doesn't matter that you think you're an individual with free will; This was never true neurologically, and AGI will make this perfectly clear; The real danger is in; It's already clear that the human species is fine with the ""million deaths is a stastic"" mentality; It doesn't take a Stalin for this; Does the US government care about all the Iraqi civilian deaths, or the American public generally; forget any moralizing about the issue; Pick a different example is this bothers your patriotism (something easily exploitable by AGI, incidentally; This is how human apes behave and think, and AGI will only dehumanize the species further as its realizations are utilized; Second is the fact that AGI is going to rapidly accelerate global chaos given; Economic growth, as an indefinite end in itself, is planetary suicide, as already evidenced; Is there any serious talk of; No - and yet one of the first and primary applications of AGI will be economic - thus it will amplify and accelerate our already unsustainable behavior; The people who ""control"" this technology will not care about the future; I guarantee it - because they will be the same people already in control; Third, and this isn't a threat but a problem with dealing with AGI output, is the fact that the human species is basically functionally psychotic; What will AGI make of religions and concepts like free will in terms of neuroscientific evidence; The conclusions an AGI would make about our nature are completely at odds with the mythologies this species insists on maintaining; It should also be able to model why we can't ""wake up"" as a species; So an interesting picture emerges - an AGI will be able to easily manipulate the human species, but the insights it makes about our natures will be suppressed - except by those using the technology for surveillance/social engineering, and to drive a suicidal economic system, which the AGI will easily recognize is suicidal - and yet will be used to drive it nonetheless; AGI in the context of a clueless and exploiting species of ape is clearly going to be a disaster; So, who's talking about it",0.7292627,0.1155767,0.6136860102415085,0.3365443,0.0041198707,0.3324244343675673,0.2812615758739412
Do you trust this human ape; Because its brain is going to be amplified by AGI long before it is enslaved to it - as short as that timeframe may be,0.65160793,0.19148082,0.4601271152496338,0.00024448158,0.9480851,-0.947840647684643,1.4079677629342768
"Use the tech to determine how agents will most likely alter their behavior based on known surveillance to optimize placement of new, covert surveillance; And keep playing this game to make sure we keep buying cars and junk food - or whatever the endgame of apes is",0.2966544,0.6546648,-0.3580104112625122,0.0020031636,0.72332335,-0.7213201816193759,0.36330977035686374
"Looking for human visual perception studies that may illuminate the limits of AI visual processing; In particular, I'm looking for studies that show where human visual processing encounters ambiguous information - and thus ""breaks down"" in a sense, or has to resort to inductive interpretations; For example, consider our ability to parse symbol-based captchas; We've all experienced frustration with symbol captchas; I'm interested in the zones of our perceptual ambiguity, and what the implications are for AI in",0.32026777,0.44304535,-0.12277758121490479,0.024166148,0.0009761595,0.023189988627564162,-0.14596756984246895
"AI art, is not art; Only humans can make art worthy of your attention",0.8657355,0.0043319003,0.8614035709761083,0.0076688235,0.18221296,-0.1745441402308643,1.0359477112069726
"I don't support AI music, sorry",0.68734473,0.13992745,0.5474172830581665,0.00054067996,0.9578651,-0.9573244390194304,1.504741722077597
"this is the first question i ask every new LLM; if it rambles on about disclaimers, ethics, or explanations of nothing then i return to the good ol' chatGPT; not that chatGPT doesnt do that, i just know what to expect when I ask it questions",0.03609721,0.015199395,0.020897815003991127,0.0021741912,0.004313237,-0.0021390458568930626,0.02303686086088419
"I've got to say, Siri has really stepped up its game lately; I was genuinely surprised by; It feels like someone's turned a switch on, and now Siri's picking up on things in a way it never did before; When you think about it, our phones have been soaking up all sorts of data for ages, so there's a treasure trove there for Apple to tap into; Counting Apple out would be a big mistake; And with OpenAI shaking things up, it seems like all the big tech companies are feeling the heat to bring their A-game",0.60354424,0.07428943,0.5292548015713692,0.00023588286,0.00066721934,-0.0004313364770496264,0.5296861380484188
"I think its crazy even talking about things like that; AI is an excel sheet; Granted, a very advanced one, still an excel sheet; We are really talking about; Not being aggressive here - I just dont get it at all",0.35064194,0.42854965,-0.07790771126747131,0.0014508647,0.9511298,-0.9496789294062182,0.8717712181387469
"A common use of AI in economics is with game theory; It can be used to simulate how people interact with each other; A common example is the prisoner's dilemma, although the more AI-heavy stuff is obviously going to get a lot more complicated",0.15035002,0.7867503,-0.6364002972841263,0.00019329513,0.0019548582,-0.0017615630640648305,-0.6346387342200615
Comes from the fact that AI can be smart but pursue dumb goals (like humans,0.0033568016,0.9938214,-0.990464580943808,0.00028702608,0.05881723,-0.05853020408540033,-0.9319343768584076
"It's inevitable that people will try and create at-some-level autonomous agents; The benefits of doing so are simply too great; I would say the same thing about; free will"" and ""conscious"" are ill-defined at best and not real things in my opinion; It's sort of a natural consequence of technological development, whether this is ""organic"" or not I'm not sure",0.22604957,0.24547362,-0.01942405104637146,0.012657239,0.014471553,-0.0018143141642212868,-0.017609736882150173
We can spend more time doing difficult things,0.17567801,0.15385154,0.021826475858688354,0.0020343147,0.009173657,-0.007139342138543725,0.02896581799723208
neuralink can't read your thoughts,0.4177482,0.32298923,0.09475898742675781,0.001138942,0.9284226,-0.9272836282616481,1.022042615688406
"And the worst part is it goes undetected; Gallop estimates that human bias costs U.S. companies $450-550 BILLION dollars; So.. how do we fix it; AI** has a role to play here - it can avoid us from the subjective analysis of data that we do on a daily basis; But the scary part is it can also build and scale it at unprecedented levels; This means bias, both human and AI, as a market is HIGHLY lucrative and a problem worth solving; How do you imagine this being solved in future",0.05712833,0.91767234,-0.8605440072715282,0.0019142187,0.0019977188,-8.350017014890909e-05,-0.8604605071013793
Machines have physically outrun human centuries ago; We still have physically demanding jobs,0.0032989276,0.98963916,-0.986340235453099,9.859734e-05,0.99945754,-0.9993589407895342,0.013018705336435232
"would like to ask if anyone can give me some advice on **Ouriginal** detecting Chat GPT / AI; If you can give me any advice it would mean the world to me; university uses **Ouriginal** as a plagiarism checker and as u/trinity13 mentioned, Chat GPT and other AI is not flagged; dissertation/final research paper is due in 2 days and so far I have been using Chat GPT 4 and other AI tools to generate ideas and points; I Have no choice due; I then paraphrase and add essay academic words to avoid paraphrasing plagiarism; But, after I use [originality.ai](https://originality.ai) to check for AI plagarism and (of course it comes back 100% AI generated, but 0% plagiarised ) since all my points are from Chat GPT/other AI tools; Shall I submit and risk the AI plagiarism or shall I just restart and rewrite all my points",0.5810268,0.22861072,0.352416068315506,0.0013834331,0.0043795826,-0.0029961494728922844,0.35541221778839827
"The term for a well-known AI-problem eludes my flawed human brain; This is bothering me: I remember having read about the optimists (the most famous being Marvin Minsky) in the 60s and 70s talking about; They based this (among other findings) on the fact that a computer was ablet to beat a world champion chess player; Only after these bold and optimistic predictions did they realize that it was actually easier to achieve skills, such as the skills needed to win at chess, that that were developed later in evolution of the human brain than, say, the skills to do extremely precise object recognition or some social evolutionary developments of the human brain; amp;#x200B; Basically, Minsky and others thought that because playing chess at an expert level was such a complex and difficult task then they had almost mastered the most diffucult parts of AI-programming; But because they found out that other, more inherent skills of the human brain, were much harder to achieve and program, they realized they were far from close to surpassing human intelligence, as evidenced; amp;#x200B; I might not be 100% accurate in my description above, as I am writing this post from the memory of; I'm in no way an expert on AI; I do remember there being a specific term, or terms, describing this problem which forced researchers to be less optimistic; amp;#x200B; Does anyone know this term/problem",0.29665983,0.37183896,-0.07517912983894348,0.05994471,0.0042995955,0.05564511613920331,-0.1308242459781468
"I never thought I would find myself here, yet here I am; Im taking a class, and our professor quit back in February and has not really been replaced; All our work has essentially been online and kind of black and white since; The problem is that this vital class is based around some complex medical physics; I will say that Im not trying to shortcut the learning process; I need to learn the topics and be able to apply them in real world situations; Im actively seeking a tutor for this class, and that Im willing to pay for assistance in learning and understanding the principals in this class; What I wanted to see if there is an AI system that I could feed course material (books, recorded lectures, PowerPoints, etc.) into, and potentially create a resource for; I feel like I have been hung out to dry in regards to the departure of our teacher; Ill spend money to work with a real person, but Im hoping that I might be able to create a resource by; If this is possible, does anyone have a recommendation for a program that may be able to help me",0.78272635,0.052430093,0.73029625415802,0.010270887,0.00075932295,0.009511564101558179,0.7207846900564618
"Did someone, literally anybody on earth, think AI was a fad",0.55803555,0.23618625,0.3218493014574051,0.0012759749,0.80038655,-0.799110573134385,1.1209598745917901
"This is ultimately the future we were moving towards; I work in some sensitive environments and a big discussion right now is safe ai and leveraging it in ways that you have control of everything; Open source or self hosted is the only way to make that possible; Even companies that dont have anything to do with tech will need to leverage or have something stated about AI in some shape or form to stay relevant; Having more competition is just good for business for nvidia, glad they made something for everyone",0.87976843,0.007433516,0.8723349152132869,0.00018560103,0.0028917051,-0.0027061041037086397,0.8750410193169955
"I spent 2 hours writing an application with o1; It wrote the bones for the application in a few minutes; It didnt work right away; but after a few passes it had a working application; The next 110 minutes was just me making changes to; I did 0 code tweaks myself and had GPT make all the changes; In its current form an experienced DEV would have to tell me if what o1 did was the best way to do something and if it was secure etc; It still required me to know some coding but I tried my best to not give any input to; Heres what the future holds, I think sometime in the next few years we will have a model advanced enough to write full applications from a simple prompt; What humans will be doing is setting up the instructions and environment for GPT; The main problem with GPT is that its context window fills up and when it does it hallucinates and starts messing up in a feedback cycle that derails its usefulness; You would almost certainly need some sort of verification system to ensure that its still got the correct context",0.8835744,0.0035555232,0.8800189029425383,0.00034238742,0.00035466292,-1.2275500921532512e-05,0.8800311784434598
"I remember one time reading about some guy who had a theory that if computers one day take over the world, we as humans should make sure not to criticize them online, just to be safe (since they will possibly eliminate anyone who is against them; Does anyone on here know who I'm talking about",0.037645902,0.9470233,-0.9093773700296879,0.0016218984,0.009004155,-0.0073822567937895656,-0.9019951132358983
"I just published this video that I think you folks might like, I hope you don't mind me posting it here; I had a few ideas about AI and GPT that I've not seen elsewhere, so I made this; In researching this video I tried to only read and watch sources that were factual, not other peoples opinions, but it's tough, everyone has LOTS of ideas about; I'd love to know what you think; The voice is me, not an AI; Though if you'd like to hear me imitate an AI, I just finished season 10 of my podcast, Lost Terminal, which I'm extremely proud of, and folks here might dig https://www.youtube.com/watch?v=p3bDE9kszMc&amp;list=PL95NP4bDITAln7fq-cCqzOFE15UvVthuL",0.678234,0.05205256,0.6261814199388027,0.003725928,0.054598138,-0.050872209714725614,0.6770536296535283
Who is coding the AI and what is it optimized for; The common people will have no say on that; It will optimise on upholding the status quo and the protection of liberal capitalism since it will know mostly that from the data we will feed him,0.2862321,0.6816415,-0.39540940523147583,0.00024636902,0.09074629,-0.09049992196378298,-0.30490948326769285
"I feel like the engineer are often concerned; Without being overly optimistic because a lot more work that just ""some"" will be replaced by the AI, the engineer will still under estimate the work that will be done behind the scenes on the art work but even more so outside for instance on the market side",0.09014966,0.8551011,-0.7649514451622963,0.0001929778,0.002754021,-0.0025610431766835973,-0.7623904019856127
"I guess AI will be the same as Mainstream Media, then",0.16693886,0.7368475,-0.5699086636304855,0.0003421995,0.9044606,-0.9041184094676282,0.3342097458371427
"If a put in an imagine into the AI image detector, and the AI says it's fake, that doesn't automatically mean that the image is real, as you are suggesting; are many ways to fake an image to present a certain narrative; Even if the picture is completely real the narrative surrounding the picture may be a lie etc; Or, it may be the truth; The point is that epistemological uncertainty has been a thing before AI and it will continue to be a thing forever",0.013523911,0.93880147,-0.9252775562927127,0.0025259578,0.0012906044,0.0012353534111753106,-0.926512909703888
"until its implanted in someones brain it only trains off human knowledge in in its external forms: writing, speech, images, video, sound",0.01044153,0.98312646,-0.9726849319413304,0.00018271481,0.9928427,-0.9926599594473373,0.01997502750600688
"This meandering rant was first recorded simply as an exercise to organize my thoughts on this subject; Having recorded it I decided that it just barely crawled over the bar of quality for presentable content and decided to upload it; But, considering the topic of this video, one may be curious as to; I hold a PhD in Physics, with several publications, in a specialization that has nothing whatsoever to do with Computer Science or Neuroscience; I also hold a BFA in Theater and am currently writing a novel; So, while I'm not exactly certain what credentials may qualify one to opine expertly on this topic, whatever they are I certainly do not possess them; As a result, the views presented here should be judged solely by their own merits as offered; I make absolutely no claims to authority on the subject of AI; That being said, I feel that the content presented opens a discussion that will be important to explore in the coming years of AI development, even if the opinions presented in this video turn out to be misguided as our knowledge in the field progresses",0.3994534,0.14109245,0.25836095213890076,0.0007877096,0.0004070512,0.00038065839908085763,0.2579802937398199
"Nobody has any clue how to address this; Don't mistake me, I don't feel like the industry is being lazy or neglectful in this, I'm just stating what I see to be the truth; in response to the question of addressing alignment problems, this guy basically said, ""Maybe we can ask the AI how to fix it once the AI gets smart enough; Some people say that the industry is not putting enough resources into safety when it comes to AI; But I suspect most companies have asked their engineers ""if we were to devote more resources to safety, what would you do to address it; and the engineers are like ""I guess we would just think about it and try to come up with some solutions, because right now we got bupkiss",0.67484504,0.204734,0.47011104226112366,0.0043489714,0.024675071,-0.020326099824160337,0.490437142085284
"This isn't ""disrupting pharma"" any more than scientists developing a new explosive will ""disrupt"" the MIC; Pharma will just start using AI to develop more drugs",0.056971055,0.8996979,-0.8427268452942371,0.00026349886,0.35790366,-0.35764016048051417,-0.48508668481372297
How afraid are you of AI,0.24576896,0.60319364,-0.35742467641830444,0.009360128,0.11257146,-0.10321133490651846,-0.254213341511786
Will AI ever make decisions for itself,0.1322822,0.834,-0.7017177939414978,0.007655939,0.5486533,-0.5409973654896021,-0.1607204284518957
"If an AI is simply smarter than us, why does that necessarily mean it would make its own decisions",0.036295857,0.95320326,-0.9169074036180973,0.00041288484,0.8747565,-0.8743436301883776,-0.04256377342971973
So reading about AI and the potential for human extinction has me absolutely terrified; Is there anything that could be said to make me a little less scared,0.115800135,0.756208,-0.6404078677296638,0.0031897698,0.03748383,-0.03429406019859016,-0.6061138075310737
Why is it assumed that once AI is smarter than us it will act autonomously and make its own decisions,0.030153554,0.9626237,-0.9324701614677906,0.0014685929,0.19748,-0.19601140019949526,-0.7364587612682953
Is AI the most significant technological advancement in human history,0.28525367,0.5695673,-0.2843136489391327,0.001907062,0.021221258,-0.019314195727929473,-0.2649994532112032
"What will fake online accounts look like in 20 years; So weve all seen fake profiles on Instagram and such, Ive seen a bunch that were like pictures of a model and were clearly fake, but using AI wouldnt it be possible to fill her account with realistic photos of her, her with friends, with posts shes made, she could be doing things in videos, and then she can message you and speak perfectly and intelligently; I think a convincing fake person could be created so the only way of knowing if who youre talking to is real would be to meet them in person",0.21547516,0.7281928,-0.5127176493406296,0.00042504605,0.013645011,-0.013219964952440932,-0.49949768438818865
Whats a good video/series/course/book to teach me how AI/LLMs work,0.24874087,0.67965186,-0.43091098964214325,0.00408452,0.07153564,-0.0674511194229126,-0.36345987021923065
How much of this was done with AI; Seems like he just did the whole video with it,0.06851384,0.9096684,-0.841154545545578,0.00023020501,0.97987753,-0.9796473265159875,0.1384927809704095
"On one hand, we can do stuff today that makes HAL seem almost within reach, on the other hand, it seems that all our AI tech is a bad approximation for the thing we want; e.g. Alexa is a so-so voice assistant, but since most of us can't afford a human one, it's better than nothing, except",0.25891256,0.4657975,-0.2068849503993988,0.00033940902,0.004016427,-0.0036770178412552923,-0.2032079325581435
"About safeguards - let's assume we make a general self aware AI; How do you make this AI follow the set of rules; You need to make an oracle, that predicts consequences of all actions or something like that; And the smarter the AI gets, the more complex oracle should be; Basically it will be another general AI in charge of that security level, and this AI should be smarter than the guarded AI; At some evolutionary point you will run into a complexity problem, where consequences can not be predicted at the required depth, and AI will outsmart the oracle; is a recently published paper on that topic, where authors mathematicaly prove, that it's impossible to contain a general AI with a set of safety rules",0.41748577,0.48740643,-0.06992065906524658,0.0001125223,0.0060213455,-0.0059088232010253705,-0.06401183586422121
Brain inspired technologies for strong AI,0.31289104,0.5771654,-0.26427438855171204,0.0137901865,0.19490694,-0.1811167486011982,-0.08315763995051384
"We are researching information processing mechanisms of a real human brain; We have created a fundamentally new model explaining its functioning; goal is to develop a *strong* artificial intelligence using neuromorphic computing technology that is not based on conventional neural networks or deep learning; On our site, you may find the articles describing [our vision](http://truebraincomputing.com/en/truebraincomputing/) and [key concepts](http://truebraincomputing.com/en/conception/) where we share our take on the origins and nature of thinking, neurophysiological mechanisms of brain functioning and the physical nature of consciousness; If you have any questions, feel free to ask them below",0.13397503,0.23759004,-0.10361501574516296,0.0020530876,0.0011082233,0.0009448642376810312,-0.104559879982844
"What are the best (free) AI websites/tools/apps/extensions to enhance my life; I see something new come up, so I'm curious; what are your favorite AI-enabled tools/apps/browser extensions that enhance your everyday life",0.541578,0.31255376,0.2290242314338684,0.034733664,0.00075785565,0.0339758085901849,0.1950484228436835
"I made this video with an AI voice, but putting the video edits together took over an hour in DaVinci, despite; Is there any AI tool to automate any of this",0.11523899,0.8671011,-0.7518620863556862,0.000101319114,0.024156129,-0.02405480987363262,-0.7278072764820536
"It should be a professional ethics issue; as such, it's the programmers that ought to have a fiduciary duty to prevent unethical AI from",0.26137698,0.67885435,-0.4174773693084717,0.00023722119,0.018930499,-0.018693277321290225,-0.39878409198718145
"this is the ongoing issue with automation, the same complaints made since the Industrial Revolution: Automation (or in this case AI) will make human workers irrelevant; What people forget, and what the past couple of centuries reinforced, is there's the other side of the coin: The whole point is to innovate and automate, but to *also tax firms on their productivity; The taxes then go to create a strong social safety net so those made obsolete by automation aren't begging for scraps on the street; When both sides of the coin are considered, you end up with a robust society with a strong work/life balance; Sadly, firms have successfully lobbied government to completely ignore the other side of the coin because it requires taxing firms appropriately",0.05527509,0.8368567,-0.7815816327929497,0.00016186282,0.0019317659,-0.001769903115928173,-0.7798117296770215
"First, don't *rely* on the outcome of the AI to decide the course of action; Secondly, Any AI that's trained will, fundamentally, be biased; How it's chosen will invariably introduce bias: Why was X chosen instead of Y; The only way around that is to ensure training sets are representative and randomly selected; This is particularly difficult in AIs that are purpose-specific: How would you obtain a representative sample of pictures of cats to create a cat recognizer, for instance; This doesn't even take into consideration the resource constraints one will be faced with; If you only have so many gigabytes to work with, you have to be even more selective in your training sets, and hence introduce even more bias",0.7632968,0.16822502,0.5950717628002167,6.4263186e-05,0.00058759656,-0.0005233333722571842,0.5955950961724739
"given the potential dangers of unrestricted AI, that regulation comparable to nuclear technology ought to be implemented; At the very least, liability should be on developers/firms that create and deploy such technology",0.0012324535,0.9972517,-0.9960192359285429,0.0005353715,0.034214266,-0.033678894164040685,-0.9623403417645022
I'd be interested to see the long-term implications of training AI with artificial data than with real data,0.04330794,0.9252673,-0.8819593377411366,0.008864402,0.07465421,-0.06578980479389429,-0.8161695329472423
"To what extent do they understand how AI is used in their lives, though; That's likely to shape their attitude with respect to",0.65421724,0.1638234,0.49039384722709656,0.002380242,0.005828488,-0.003448246046900749,0.4938420932739973
"The greater existential threat isn't a physical one, but a cultural one; When AI can make ""more moral"" choices than humans, just from the sheer amount of variables that can be assessed in real-time, humans will be knocked off the moral high ground; The fact we use our moral reasoning as the thing that makes us stand out from the animals, only to have that usurped by machines, is going to create an existential crisis in our species well before the robots come to kill us; I think it might be reasonable to create an international standard for training AI to ensure it operates within particular boundaries; Have them retrained every so often to retain their certification; AI would be forced to undergo certification, but like we have today, there are benefits that come with; How that would unfold in real life, I'm not exactly certain",0.33974683,0.6100973,-0.27035045623779297,0.00041843267,0.0006081874,-0.00018975473358295858,-0.27016070150421
Considering the computers required for an AI powerful enough for that would contribute to global warming and climate change,0.006328485,0.98751974,-0.9811912560835481,0.000285527,0.0021149775,-0.0018294504552613944,-0.9793618056282867
"We really need to get away from the ""black box"" metaphor of AI...not only is it inaccurate, but it allows those that implement AI to fall back on the obscurity of the metaphor to rationalize how they're using such algorithms; Generally what you find are an array of relatively simple statistical processes; are likely to be a lot of them, and it's true it doesn't take many before the human brain is befuddled, but it's not magic; A typical ANN is nothing more than multiplications and summations, many times in parallel, wherein the slight nuance of any particular path through the network can influence the end result",0.0066445656,0.9756648,-0.9690202288329601,0.0004883064,0.003144766,-0.0026564595755189657,-0.9663637692574412
"If you're interested at getting into AI, you're going to be faced with a LOT of options, and it'll seem; I would suggest you choose something that interests you as your starting point; For instance, machine vision (object recognition) or natural language processing (text analysis) tend to be pretty common starting point; I would suggest reading about different kinds of networks; Get yourself a good understanding of the basics, such as multilayer perceptrons, recurrent neural networks, and convolutional neural networks, how they work, and where they're used; That will lay a strong foundation for further study; While coding is fun and offers results that let you mark progress, I've found that a serious study of AI entails more reading than programming; That can be daunting for some, or addicting to others",0.27747136,0.56209314,-0.2846217751502991,0.0007067324,0.00026223244,0.0004444999503903091,-0.2850662751006894
"We have no AI that's complex enough to comprehend ""value; For all the seemingly complex shit we can get AIs to do, they're actually still very rudimentary compared to any moderately complex biological creatures",0.090397306,0.24004185,-0.14964454621076584,0.00020588895,0.98874646,-0.9885405753011582,0.8388960290903924
"I'd like to see an AI that seeds social media with noise, disrupting any other AI that gathers my posts and analyzes them for targeted advertising",0.754723,0.13593474,0.6187882721424103,0.0004675166,0.89760715,-0.8971396310953423,1.5159279032377526
which will likely help AIs create better deepfakes,0.037297193,0.9425649,-0.9052677117288113,0.00047387244,0.009579459,-0.009105586766963825,-0.8961621249618474
"I'll be interested to see the results...I'm guessing it'll create AIs that are just good at taking tests...ironically, not unlike humans",0.53751016,0.17860149,0.35890866816043854,0.00010843282,0.0036253883,-0.0035169554394087754,0.3624256235998473
"Don't expect doctors to be replaced altogether; 's an element of rational though required, particularly with respect to liability, that such a profession requires; are things, however, that automation will improve: diagnosis from x-rays, MRIs, etc., can be done faster and more accurately with a well-trained AI; It could be argued that this could free up radiologists to conduct other relevant work, like research, etc",0.049210973,0.93424195,-0.8850309774279594,0.00039043115,0.00067274686,-0.0002823157119564712,-0.884748661716003
"So, an amateurish webpage, that literally describes nothing, is going to change the face of AI; did you have to create a webpage for your high school comp-sci class and that was the best you could come up with",0.32096055,0.55427116,-0.23331061005592346,0.0015896554,0.8517333,-0.8501436715014279,0.6168330614455044
"Any trained AI system is only as good as its training set; If that training set is biased, your trained model will be biased; In the creation of a training set, the developer has to make concessions with respect to the computational resources to be used in; Those concessions introduce bias: why was picture #49234 selected vs. #9024 rejected, for instance; With respect to race, choosing a percentage of training datapoints versus an absolute number can introduce bias (such as if the training set is based on demographic percentages, for instance; How are developers overcoming these issues; It's primarily *researchers* that are noticing bias in the use of AI; private firms seem not to care so much so long as they're signing contracts; That sounds cynical, but I haven't seen a concerted effort in the private sector to overcome racial bias in facial recognition (or other AI applications, honestly",0.061381478,0.9283686,-0.8669871501624584,0.00039736638,0.0016390786,-0.001241712219780311,-0.8657454379426781
"In fact there's an annual tournament for AIs playing Starcraft, even [accidentally learning ecology](https://www.discovermagazine.com/technology/how-ai-accidentally-learned-ecology-by-playing-starcraft; It's entirely possible to do this kind of thing with any game; Invariably, what you'd be doing is reinforcement learning, as the AI starts out essentially acting randomly, testing the results of its action against a fitness function, and purging those that don't make the grade",0.19191797,0.7359044,-0.5439864248037338,6.220485e-05,0.0007137948,-0.0006515899367514066,-0.5433348348669824
"What you're describing is a form of attribution bias; You're asserting your interpretation of their feelings and behaviour as *their feelings and behaviour*. &gt; Who is to say the rage that AI express is somehow differable than that of a human being who is already established as sentient; With respect to AI, you'd have to define the criteria for ""feeling"" then show that the AI is, in fact, meeting that criteria; More importantly, you have to ensure that your criteria is *actually* measuring ""feeling"" and not just some arbitrary definition to suit your needs (anyone can say ""X is my definition of sentience"", then measure ""X"" and claim they've met their definition...that's a tautology and ought to be avoided; gt; I want more people to be talking about this because it really makes me geek out when an opponent's approaches are hardly distinguishable from a friends who would have the exact same reaction to me punishing them; Consider what it is that the AI is doing; It's creating a statistical model from a given stimuli, and the outputs trigger a constrained list of behaviours in response; Say both a human and an AI player of 5 possible pathways; it's not difficult for either to find the most optimal path from 5 choices given a particular input; Also, expect that the AI was trained off human response patterns: that would make the AI respond much more like a human player, because that's how it was trained; That doesn't make the AI any more sentient; Philosophically speaking, we're not even sure what constitutes sentience in the first place, so whatever definition you craft is going to be debatable, at best (to quote a philosophy of mind prof of mine: ""There are as many philosophies of mind as there are *philosophers* of mind; It's a key problem in AI that we don't even know *what* intelligence is or how it manifests; For every definition you craft there'll be 50 people to ask ""Yeah, well, what about",0.5232526,0.3985476,0.12470501661300659,0.025543988,0.0051222844,0.020421703346073627,0.10428331326693296
"It's not enough to just be able to code and manipulate APIs; For AI, it's far more important to understand what's going on ""under the hood; Far too often the ""black box"" analogy is tossed around, and it's a shitty analogy...nonlinear statistics opens up that black box",0.03269581,0.93209034,-0.8993945308029652,0.00014273677,0.004000015,-0.003857278323266655,-0.8955372524796985
"Ultimately, the real danger is that there is no quality control, nor is there really much of an idea to establish any; Just look at the horrible quality of face recognition AI used in Detroit (and, well, pretty much everywhere else, too; Could* some form of standardization and certification be established",0.007079081,0.9831097,-0.9760306314565241,0.00061159214,0.0020621915,-0.001450599345844239,-0.9745800321106799
"But the problem is I have no idea how artificial intelligence works; So, it sounds like your first step would be to figure out how AI works so you can decide if that is something that would interest you; if I didn't know what a Cuicatec ethnozoologist was I don't think I'd be able to decide if that field was for me (for those interested, Cuicatec ethnozoology is the study of the inter-relationship between the Cuicatecs, an indigenous group native to Mexico, and animals; I would suggest you get a handle on the fundamentals of AI...Dabble a bit, see what you come up with, bounce some ideas around your brain...Then decide if the knowledge and skills you glean from the fundamentals are something you'd like to explore",0.61651033,0.078919925,0.5375904068350792,0.010942036,0.00026517847,0.010676857811631635,0.5269135490234476
But how does the AI know it's a photo of a *dead* family member,0.15508486,0.8131188,-0.6580339521169662,0.0028229472,0.021698117,-0.018875170033425093,-0.6391587820835412
"Here are a couple of avenues to look at: AI may be beneficial to *our* society, but at; Poor societies don't have the economic capability to invest in either the hardware or education to avail themselves of the advances AI will bring; We already see how advanced technology leaves poorer societies in the dust, and this will only be exacerbated as we push forward with even more advanced AI; Also, until we have a framework in place with respect to accountability and liability, who's responsible for the damage done; Who's responsible for nefarious applications of the technology, such as using AI to inform judges of bail or sentencing (which is already a problem given the potential for bias in trained AI models",0.27354923,0.6573047,-0.38375547528266907,0.0011541913,0.004065583,-0.002911391668021679,-0.3808440836146474
"Given the breadth of AI/ML, I recommend choosing an aspect of the field that interests you; For instance, maybe machine vision is attractive, or data analysis for business really tweaks your noodle; While learning the basics is obviously good, and taking online Intro to AI courses will help with that, having a direction you want to go with those basics will keep you",0.15971032,0.73532724,-0.5756169259548187,0.0132817365,0.007111568,0.006170168519020081,-0.5817870944738388
"An AI trained on the faces of actors/models/etc., who are generally regarded as attractive...Whatever the AI conceives is going to be, fundamentally, attractive",0.012007414,0.98129416,-0.969286740757525,0.02642247,0.036881514,-0.010459043085575104,-0.9588276976719499
"Using AI to develop new math proofs/conjectures: The Ramanujan Machine](https://www.ramanujanmachine.com/; 's also the use of [genetic algorithms for innovative antenna design](https://en.wikipedia.org/wiki/Evolved_antenna; For a more quirky example, back in the mid-1990s [Adrian Thompson used AI to evolve an FPGA to discern between two different tones.](https://citeseerx.ist.psu.edu/viewdoc/download?doi=10.1.1.50.9691&amp;rep=rep1&amp;type=pdf; To make it more challenging, he eliminated the clock input from the circuit; Once the FPGA evolved to perform the task Thompson began pruning parts of the circuit that appeared irrelevant in order to get the most basic FPGA circuit possible; However, what he ended up with were pieces of circuitry completely separate from the main circuit, meaning they should've had absolutely no effect on; When those parts were removed, the entire device failed; when reimplemented, it worked just fine; Physically*, there's absolutely no reason why those segregated pieces of circuit should be necessary",0.22456178,0.35538134,-0.13081955909729004,0.041245945,0.033824217,0.007421728223562241,-0.13824128732085228
"thoughts are simply query executions on everything we see in the environment; What you *think* are your thoughts, that is, your *conscious* thoughts, already have a relatively long physiological history; From the moment you feel a stimulus, to the subconscious perception of it, through your neural network to *finally* register it as a *conscious thought*, that thought has been bouncing around in your skull for quite some time; 's a reason biologically-modeled neural networks don't function as simply query executions: That's not how our brains work",0.0011239506,0.9967784,-0.9956544779706746,0.00076811353,0.9258015,-0.92503340204712,-0.0706210759235546
Why do you think the AIs would resort to a military solution; It'd be far easier to render the food supply moot or poison water supplies,0.045174383,0.94190663,-0.8967322483658791,0.00038792408,0.20412724,-0.2037393131176941,-0.692992935248185
"Building a robot to navigate a simple, contrived world isn't particularly difficult; The difficulty comes when you start introducing aspects to that world which increase the complexity; Think about adding the complexity of weather into an AI navigating a 3D world: Before making a jump, the robot would have to consider wind speed and direction, possible landing zone conditions (like ice), then compute the appropriate variables to make the jump; That's just the addition of *one* added circumstance; Start throwing in the unpredictability of other things into the mix and the required complexity gets out of hand pretty quickly",0.042847935,0.85356754,-0.8107196055352688,0.0042046877,0.00020202961,0.004002658053650521,-0.8147222635889193
"The term ""artificial intelligence"" was coined in 1956 by John McCarthy in his seminal paper on the subject; The ""classic literal definition"" by the guy that coined the term is simply ""the science and engineering of; If we presume we mean ""human-scale"" intelligence, does that not ignore, say, a honeybee, which is clearly intelligent in its own right, let alone the collective intelligence of the hive as its own organism (a single bee cannot swarm; a hive does; Another important distinction with respect to ""what is intelligence"" is what *isn't* intelligence; In the field of AI linear regression isn't considered part of the domain, rather, it's considered; are statistical in nature, too, just *non-linear* statistics; As such, it's suggested that at least one criterion for intelligence (artificial or otherwise) is that it is non-linear in nature; However, that, in itself, could be argued: why *can't* a linear regression, for instance, be considered; 's no non-arbitrary reason why not, in large part because we don't have a rock-solid definition for; It's also important not to conflate similar terms; Machine learning"" is not *necessarily* ""artificial intelligence"" as, with the example of linear regression above, machine learning is often the product of vastly parallel, but ultimately simple linear regression resulting in an optimized model to perform some function or offer a particular output; That said, the lines are certainly blurred",0.006885814,0.9790394,-0.9721535569988191,0.031745393,0.0022808418,0.0294645510148257,-1.0016181080136448
"Being new, I recommend working with APIs that are out there, just so you can get something together quickly that gives you results you can be happy with (or that at least tell you you're doing *something* right; It doesn't even matter which APIs you use (this will largely depend on what aspect of AI you're interested in...machine vision, natural language processing, etc...it's a hell of a rabbit hole; Once you've got something that works and can see how the ""big pieces"" work together, the next step should be to slowly rewrite what the API does; For instance, if you're using a softmax function for classification, write your own softmax function; It'll give you a much better understanding of; From there, just keep rewriting functions, understanding exactly what's going on; Try different optimization routines, for example",0.4924294,0.29906017,0.19336923956871033,0.0002657977,0.0011526109,-0.0008868131844792515,0.19425605275318958
"Relatively speaking, it shouldn't be too difficult to craft such an AI...Create a model that represents various facial expressions, then",0.19793008,0.6828496,-0.4849195033311844,0.0001639741,0.0026100546,-0.0024460804706905037,-0.4824734228604939
"First, I don't think there's an adequate example of general AI out there; From your list, there are a lot of things that you're projecting onto an AI that they may have absolutely no need for; From a self-awareness perspective, I can see one option that would be *necessary*, and a couple that underpin it: 1; They can perceive: To be self-aware an agent needs to be able to perceive itself in the context of its environment (however that environment is defined; This isn't the same as; A computer with a camera can sense; Perception* requires an element of understanding of that sense; As such, perception requires the ability to experience and to understand; However, you could totally have something that experiences, perceives, and understands but still lacks self-awareness; The rest of the criteria are really irrelevant; A self-aware AI knowing it's an AI requires a much higher level of self-awareness; From a human view Descartes' only underpinning for existence is that ""I am a thinking thing; An AI that recognizes that ability in itself would constitute self-awareness",0.116632916,0.7240593,-0.6074263677001,0.15420145,0.07488826,0.07931318879127502,-0.686739556491375
"I suppose one could reduce the ""nature"" of AI to something along the lines of ""non-linear statistical learning and application of that learning; The non-linear aspect is what makes AI stand out from much simpler, basic linear analysis; Here's a graphic of a taxonomy of AI methods that should provide you a good start with the different types](https://www.researchgate.net/profile/Josep-Vehi/publication/325162420/figure/fig9/AS:628623698583552@1526886977363/A-taxonomy-of-some-of-the-best-known-artificial-intelligence-methods.png; That image isn't comprehensive by a long shot, but reflects the more popular methods",0.0058512487,0.9890226,-0.9831713638268411,0.0002821008,0.000749875,-0.0004677741671912372,-0.9827035896596499
"So, an AI plays a text-based game with no comprehension of semantics, but does have feedback with respect to chosen actions; That's not much different than a tool-assisted speedrun, using AI to test responses to inputs and learn from positive vs. negative outcomes; 's no semantic understanding required aside from ""X = bad outcome",0.09467482,0.87603664,-0.7813618257641792,0.0048388555,0.1264317,-0.12159284809604287,-0.6597689776681364
"This is a bit of a ridiculous article... &gt; No AI currently exists that can outduel a human strapped into a fighter jet in a high-speed, high-G dogfight; That's a lot of wasted time, money, and effort for little more than an *exercise; Dogfights have been passe since the Cold War, and even then were utterly and totally rare outside of fighter training schools; It'd be like teaching infantry how to fight pitched battles; wars aren't fought like that anymore; Instead, in the case of fighter jets, air superiority is generally an ""over-the-horizon"" issue, exploiting the technological capabilities of the weapons systems and associated radar; A fighter pilot today, intentionally rolling into a threat envelope and engaging in a dogfight, ought to have their wings stripped and demoted to Private: it's an unnecessary risk in contemporary warfare",0.18889277,0.64670056,-0.457807794213295,0.054083463,0.0056791105,0.04840435227379203,-0.506212146487087
"Not exactly the most informative article, but the statement isn't surprising, particularly given the leaps and bounds China's making in the field",0.07503497,0.11807266,-0.043037690222263336,0.00011659499,0.005179016,-0.005062420932517853,-0.037975269289745484
"With respect to emergence, it's difficult to envision something directly applicable to your game develpment background; Generally speaking, emergence reflects the network-oriented dimension of AI, wherein some set of inputs press through a network, with the resulting behaviour being *something; something* is can't really be defined *beforehand* given any arbitrary network; I would argue that every network elicits *some* behaviour; whether *we* recognize that behaviour as anything useful is a whole different matter; The ""supervisor"" routine would have to ensure that the evolved network still outputs a playable level while tweaking the difficulty, for example; The second part of your post, with respect to ant colony simulation, has some SERIOUS real-world application, though, outside of gaming; Various bug-related swarming/optimization methods are used from anything from path-finding algorithms to power grid load-levelling and battery management",0.0013782837,0.99709904,-0.9957207582192495,0.0018185514,0.010254539,-0.00843598716892302,-0.9872847710503265
"Eventually"", assuming the AI has access to sufficient resources to evolve to the appropriate network complexity and structure that results in superintelligence; However, evolution is a particularly inefficient process to reach a *specific* behaviour, nor is there a mechanism to know what the ""correct"" complexity and structure of an appropriate superintelligence looks like; We'll only know an AI has reached superintelligence once we test it and it shows superintelligence",0.023189154,0.8755166,-0.8523274399340153,0.00016932798,0.00059438293,-0.0004250549536664039,-0.8519023849803489
"Evolution is a very long, very slow process; one has to evolve the algorithm, see how it performs, compare its fitness, and if it doesn't meet the threshold all that effort and energy was wasted; Evolutionary algorithms are fascinating and can lead to VERY proficient algorithms, but they come at the cost of efficiency; We need to derive a theory that gets us from input A to behaviour Z without the inefficiency of trial-and-error; Solve THAT problem and that would constitute a revolution in AI",0.18025698,0.6446717,-0.46441470086574554,0.00012033553,0.0002048392,-8.450367749901488e-05,-0.46433019718824653
Has anybody explored what Grok 1 brings to the AI table,0.5570316,0.21338046,0.3436511158943176,0.008978057,0.5502119,-0.5412338497117162,0.8848849656060338
"I dont think this is right; I use it to translate into and out of 5-6 languages regularly; Mandarin and Cantonese included in there; I cant imagine the next evolution of it but its kind of rendered translators moot, IMO",0.11417564,0.17855626,-0.06438062340021133,9.017592e-05,0.014747184,-0.014657007850473747,-0.04972361554973759
"Chatgpt is a big neural network trained on a lot of information, with the answers given; The amount of information crammed into this thing is immense; The training protocol for neural nets is very formulaic and pretty unremarkable when you get down to the bare principles; Chatgpt isnt doing anything new",0.04547353,0.8773474,-0.8318738788366318,0.0080432575,0.15817575,-0.15013249404728413,-0.6817413847893476
This paper discusses a simple system built on this idea: Ortus: an Emotion-Driven Approach to (artificial) Biological Intelligence https://arxiv.org/abs/2008.04875,0.3028227,0.15580046,0.14702224731445312,0.00040497494,0.0060967193,-0.00569174435804598,0.1527139916724991
I'm wondering what will keep this from; This could be modified and used to prevent crimes before they happen - Minority Report-like,0.27746937,0.60519445,-0.3277250826358795,0.00032860215,0.03535414,-0.03502553899306804,-0.2926995436428115
Can you describe where and how Artificial Intelligence applications appear on an average day in your life,0.17949836,0.7133175,-0.5338191539049149,0.003878189,0.8624056,-0.8585274091456085,0.3247082552406937
"This is how I learned to be a fighter pilot, in the virtual world first, in the real world second, brain damaged now",0.72372806,0.115035005,0.6086930558085442,0.0002522955,0.10726817,-0.10701587403309532,0.7157089298416395
"Maybe learn and understand Deep Learning - Neural Networks, architectures, transformers, architecture of chatGPT, what is GPT-4; These will need knowledge of linear algebra, calculus, statistics and some programming language python probably; After all this you will understand that you just took some serious exaggerations quite seriously",0.012650685,0.9637489,-0.9510981868952513,0.0007884848,0.005943917,-0.005155432387255132,-0.9459427545079961
I presume most of the news I read online involves AI in some capacity already; If you take an opinion piece by a gammon pasty face white guy like; And ask GPT to criticise then; The quality of the article is much much higher; AI news to me seems like a net positive,0.2907855,0.33439755,-0.04361206293106079,0.005394216,0.046427097,-0.04103288101032376,-0.002579181920737028
"And you don't do anything that can be seen, heard or read; And anyway AI creates literally tens of new jobs to replace those people, so can we stop this fear mongering you Luddites",0.043753102,0.93809575,-0.8943426460027695,7.843287e-05,0.99765164,-0.9975732037273701,0.10323055772460066
"I think it feels similar to the cryptobros because we are in an AI hype bubble right now; AGI by 2030"" is the new ""$100,000 bitcoin by end 2021",0.083090656,0.71836984,-0.6352791860699654,0.00040538187,0.011928724,-0.011523342254804447,-0.6237558438151609
Is this the slowdown of the AI curve,0.5441072,0.2801409,0.26396629214286804,0.0017419794,0.017080227,-0.015338247525505722,0.27930453966837376
"Fun fact, when steam power was invented, it was theorised our brains worked a lot like steam engines; Before that when hydraulics were the new thing, our brain must work like the most advanced tech of the day, hence doctors of the day trying to ""balance your humours; With the invention of the telephone and switchboard, it was theorised that no, our brains are more like a switchboard routing signals; And then when the computer was invented it was theorised our brains actually worked a lot like that, and just did ""information processing"" with; With quantum theory development, it was theorised that our brain actually works as a quantum processor, and because quantum mechanics makes no sense, this in some way explains how wacky consciousness is; waves hands vaguely in the air; I think you can see where this is going; In 2023 with the rise of the newest tech of the day, LLM's, it was theorised that our brains actually work a lot like them and just predict the next likely word in a sequence; In 2060 with the rise of [next technology] it will be theorised that, wouldn't you believe it, our brains actually work just like [next technology",0.27493036,0.16849859,0.10643176734447479,0.0016295981,0.44699442,-0.44536482577677816,0.551796593121253
I just use bing for image generation,0.22728842,0.59311473,-0.3658263087272644,0.00011734271,0.99841666,-0.998299319508078,0.6324730107808136
Bank warns on AI jobs threat,0.28280386,0.6093025,-0.3264986574649811,0.0041276594,0.057179384,-0.053051724564284086,-0.273446932900697
"The chief economist of the Bank of England has warned that the UK will need a skills revolution to avoid ""large swathes"" of people becoming ""technologically unemployed"" as artificial intelligence makes many jobs obsolete; It's important that people are given the necessary training to take advantage of the new jobs that would become available",0.042208597,0.92831224,-0.8861036449670792,0.0066167936,0.00079591776,0.005820875812787563,-0.8919245207798667
This whole video was generated using AI; I can't believe some of the images,0.026346095,0.95400286,-0.9276567623019218,0.0010414076,0.42041752,-0.41937610984314233,-0.5082806524587795
"Just going to conveniently ignore the multiple founders of the the field are also on that letter; What happens two or three years from now when AI has cleared multiple sectors of employees, caused genocides, and significantly disrupted traditional media/social media; A short pause to get the old geezers to actually regulate it isnt unreasonable",0.31125784,0.57965475,-0.26839691400527954,0.0010823819,0.22227429,-0.2211919066030532,-0.04720500740222633
